Year,Aircraft,Country/Region
1909,Wright ByplaneSC1,France?
1913,Curtiss seaplane?,British
1915,Zeppelin L 10 (airship)?,Germany
1918,Zeppelin L 70 (airship)?,Germany
1926,Junkers F 13D,Germany
1926,Fokker FG IIID 468,Germany
1928,Fokker FG IIID 180,Germany
1930,Messerschmitt M 20BD,Germany
1932,Junkers F 13D,Germany
1933,Junkers F 13D,Germany
1934,Junkers F 13D,Germany
1935,Rochrbach RolandD AJYP,Germany
1935,Fokker F 12PH,Germany
1936,Junkers JU 52D,Germany
1937,Junkers JU 52I,Germany
1938,Junkers JU 38D,Germany
1940,Douglas DC 2,Germany
1940,Junkers JU 90A,Germany
1945,Douglas C 47A,Germany
1948,Vickers Viking 1B & Soviet YAK 3 fighterG,Germany
1956,Canadair DC 4M,British
1958,Airspeed Ambassador AS 57G,Germany
1961,Boeing 720 030BD,Germany
1965,Douglas DC 6BCF,British
1968,Vickers Viscount 739AG ATFN,Germany
1971,BAC One Eleven 515FBD,Germany
1974,Douglas DC 6ATF,Germany
1983,Britten  Norman BN,British
1988,Swearingen SA.227AC Metro IIID CABB,Germany
1996,de Havilland Canada DHC 3 OtterC,British
1998,de Havilland Dash 2 BeaverC,British
2001,Learjet 35AI MOCO,Germany
2002,Tupolev TU 154M / Boeing B,Germany
2007,de Havilland DHC 6 Twim Otter 100C,British
2008,Grumman G 21A GooseC,British
